/public/grp7/candidates.xml

'<Job_Candidates>
  <Job Title="Backend Programmer">
    <Student_Candidate SN="214587896">
      <Name>John Rodriguez</Name>
      <Degree Type="BSc">
        <Field>Software Engineering</Field>
        <Graduation_Date>2020-05-01</Graduation_Date>
      </Degree>
      <Percent_Qualified>50</Percent_Qualified>
    </Student_Candidate>
    <Student_Candidate SN="216879878">
      <Name>Megan Williams</Name>
      <Degree Type="BSc">
        <Field>Computer Science</Field>
        <Graduation_Date>2020-12-31</Graduation_Date>
      </Degree>
      <Percent_Qualified>25</Percent_Qualified>
    </Student_Candidate>
    <Student_Candidate SN="213444578">
      <Name>Charlie Smith</Name>
      <Degree Type="Bcom">
        <Field>Information Technology</Field>
        <Graduation_Date>2019-05-01</Graduation_Date>
      </Degree>
      <Percent_Qualified>50</Percent_Qualified>
    </Student_Candidate>
    <Student_Candidate SN="212334777">
      <Name>Emily Reese</Name>
      <Degree Type="BA">
        <Field>Information Technology</Field>
        <Graduation_Date>2019-12-31</Graduation_Date>
      </Degree>
      <Percent_Qualified>50</Percent_Qualified>
    </Student_Candidate>
  </Job>
  <Job Title="Java Developer">
    <Student_Candidate SN="214587896">
      <Name>John Rodriguez</Name>
      <Degree Type="BSc">
        <Field>Software Engineering</Field>
        <Graduation_Date>2020-05-01</Graduation_Date>
      </Degree>
      <Percent_Qualified>100</Percent_Qualified>
    </Student_Candidate>
    <Student_Candidate SN="216879878">
      <Name>Megan Williams</Name>
      <Degree Type="BSc">
        <Field>Computer Science</Field>
        <Graduation_Date>2020-12-31</Graduation_Date>
      </Degree>
      <Percent_Qualified>50</Percent_Qualified>
    </Student_Candidate>
    <Student_Candidate SN="212334777">
      <Name>Emily Reese</Name>
      <Degree Type="BA">
        <Field>Information Technology</Field>
        <Graduation_Date>2019-12-31</Graduation_Date>
      </Degree>
      <Percent_Qualified>100</Percent_Qualified>
    </Student_Candidate>
    <Student_Candidate SN="213444578">
      <Name>Charlie Smith</Name>
      <Degree Type="Bcom">
        <Field>Information Technology</Field>
        <Graduation_Date>2019-05-01</Graduation_Date>
      </Degree>
      <Percent_Qualified>50</Percent_Qualified>
    </Student_Candidate>
  </Job>
  <Job Title="Mobile Developer">
    <Student_Candidate SN="214587896">
      <Name>John Rodriguez</Name>
      <Degree Type="BSc">
        <Field>Software Engineering</Field>
        <Graduation_Date>2020-05-01</Graduation_Date>
      </Degree>
      <Percent_Qualified>100</Percent_Qualified>
    </Student_Candidate>
    <Student_Candidate SN="216879878">
      <Name>Megan Williams</Name>
      <Degree Type="BSc">
        <Field>Computer Science</Field>
        <Graduation_Date>2020-12-31</Graduation_Date>
      </Degree>
      <Percent_Qualified>100</Percent_Qualified>
    </Student_Candidate>
    <Student_Candidate SN="213444578">
      <Name>Charlie Smith</Name>
      <Degree Type="Bcom">
        <Field>Information Technology</Field>
        <Graduation_Date>2019-05-01</Graduation_Date>
      </Degree>
      <Percent_Qualified>0</Percent_Qualified>
    </Student_Candidate>
    <Student_Candidate SN="212334777">
      <Name>Emily Reese</Name>
      <Degree Type="BA">
        <Field>Information Technology</Field>
        <Graduation_Date>2019-12-31</Graduation_Date>
      </Degree>
      <Percent_Qualified>0</Percent_Qualified>
    </Student_Candidate>
  </Job>
  <Job Title="Software Developer">
    <Student_Candidate SN="214587896">
      <Name>John Rodriguez</Name>
      <Degree Type="BSc">
        <Field>Software Engineering</Field>
        <Graduation_Date>2020-05-01</Graduation_Date>
      </Degree>
      <Percent_Qualified>71</Percent_Qualified>
    </Student_Candidate>
    <Student_Candidate SN="212334777">
      <Name>Emily Reese</Name>
      <Degree Type="BA">
        <Field>Information Technology</Field>
        <Graduation_Date>2019-12-31</Graduation_Date>
      </Degree>
      <Percent_Qualified>86</Percent_Qualified>
    </Student_Candidate>
    <Student_Candidate SN="213444578">
      <Name>Charlie Smith</Name>
      <Degree Type="Bcom">
        <Field>Information Technology</Field>
        <Graduation_Date>2019-05-01</Graduation_Date>
      </Degree>
      <Percent_Qualified>28</Percent_Qualified>
    </Student_Candidate>
    <Student_Candidate SN="216879878">
      <Name>Megan Williams</Name>
      <Degree Type="BSc">
        <Field>Computer Science</Field>
        <Graduation_Date>2020-12-31</Graduation_Date>
      </Degree>
      <Percent_Qualified>28</Percent_Qualified>
    </Student_Candidate>
  </Job>
  <Job Title="Web Developer">
    <Student_Candidate SN="214587896">
      <Name>John Rodriguez</Name>
      <Degree Type="BSc">
        <Field>Software Engineering</Field>
        <Graduation_Date>2020-05-01</Graduation_Date>
      </Degree>
      <Percent_Qualified>100</Percent_Qualified>
    </Student_Candidate>
    <Student_Candidate SN="216879878">
      <Name>Megan Williams</Name>
      <Degree Type="BSc">
        <Field>Computer Science</Field>
        <Graduation_Date>2020-12-31</Graduation_Date>
      </Degree>
      <Percent_Qualified>0</Percent_Qualified>
    </Student_Candidate>
    <Student_Candidate SN="212334777">
      <Name>Emily Reese</Name>
      <Degree Type="BA">
        <Field>Information Technology</Field>
        <Graduation_Date>2019-12-31</Graduation_Date>
      </Degree>
      <Percent_Qualified>100</Percent_Qualified>
    </Student_Candidate>
    <Student_Candidate SN="213444578">
      <Name>Charlie Smith</Name>
      <Degree Type="Bcom">
        <Field>Information Technology</Field>
        <Graduation_Date>2019-05-01</Graduation_Date>
      </Degree>
      <Percent_Qualified>0</Percent_Qualified>
    </Student_Candidate>
  </Job>
</Job_Candidates>
