/public/grp7/courseskills.xml

'<?xml version="1.0" standalone="yes"?>
<TechnicalSkills>
  <Course Code="EECS1012">
    <SkillList>
      <Skill ID="2002">HTML</Skill>
      <Skill ID="2003">CSS</Skill>
      <Skill ID="2005">PHP</Skill>
      <Skill ID="2009">C</Skill>
      <Skill ID="2004">JavaScript</Skill>
    </SkillList>
  </Course>
  <Course Code="EECS1021">
    <SkillList>
      <Skill ID="2001">Java</Skill>
      <Skill ID="2010">Python</Skill>
    </SkillList>
  </Course>
  <Course Code="EECS1022">
    <SkillList>
      <Skill ID="2008">Android</Skill>
    </SkillList>
  </Course>
  <Course Code="ITEC2600">
    <SkillList>
      <Skill ID="2006">Matlab</Skill>
    </SkillList>
  </Course>
  <Course Code="ITEC2610">
    <SkillList>
      <Skill ID="2001">Java</Skill>
    </SkillList>
  </Course>
  <Course Code="ITEC3020">
    <SkillList>
      <Skill ID="2002">HTML</Skill>
      <Skill ID="2004">JavaScript</Skill>
      <Skill ID="2005">PHP</Skill>
      <Skill ID="2003">CSS</Skill>
      <Skill ID="2010">Python</Skill>
    </SkillList>
  </Course>
  <Course Code="ITEC3220">
    <SkillList>
      <Skill ID="2007">SQL</Skill>
    </SkillList>
  </Course>
</TechnicalSkills>
