/public/grp7/javastudents.xml
'<JavaSkills>
  <Student SN="214587896">
    <Name>John Rodriguez</Name>
    <Contact_Info>
      <Address>25 Steeles Ave</Address>
      <Phone>416-454-1212</Phone>
      <Email>john@gmail.com</Email>
    </Contact_Info>
  </Student>
  <Student SN="216879878">
    <Name>Megan Williams</Name>
    <Contact_Info>
      <Address>58 Finch Ave</Address>
      <Phone>416-854-8979</Phone>
      <Email>megan@live.com</Email>
    </Contact_Info>
  </Student>
  <Student SN="213444578">
    <Name>Charlie Smith</Name>
    <Contact_Info>
      <Address>882 Yonge St</Address>
      <Phone>647-878-5444</Phone>
      <Email>smith@gmail.com</Email>
    </Contact_Info>
  </Student>
  <Student SN="212334777">
    <Name>Emily Reese</Name>
    <Contact_Info>
      <Address>120 Mills Rd</Address>
      <Phone>905-221-2487</Phone>
      <Email>emily@gmail.com</Email>
    </Contact_Info>
  </Student>
</JavaSkills>
