/public/grp7/joblist.xml

'<Job_List>
  <Company Name="Amazon">
    <Job Title="Backend Programmer">
      <JobInfo>
        <Type>Internship</Type>
        <Salary>45000</Salary>
        <Recruiter>
          <Name>Dave Brown</Name>
          <Commission>2250</Commission>
        </Recruiter>
      </JobInfo>
    </Job>
  </Company>
  <Company Name="Apple">
    <Job Title="Mobile Developer">
      <JobInfo>
        <Type>Internship</Type>
        <Salary>35000</Salary>
        <Recruiter>
          <Name>Dave Brown</Name>
          <Commission>1750</Commission>
        </Recruiter>
      </JobInfo>
    </Job>
    <Job Title="Software Developer">
      <JobInfo>
        <Type>Fulltime</Type>
        <Salary>55000</Salary>
        <Recruiter>
          <Name>Sarah Fox</Name>
          <Commission>3850</Commission>
        </Recruiter>
      </JobInfo>
    </Job>
  </Company>
  <Company Name="Google">
    <Job Title="Java Developer">
      <JobInfo>
        <Type>Parttime</Type>
        <Salary>20000</Salary>
        <Recruiter>
          <Name>Cathy Green</Name>
          <Commission>400</Commission>
        </Recruiter>
      </JobInfo>
    </Job>
  </Company>
  <Company Name="Microsoft">
    <Job Title="Web Developer">
      <JobInfo>
        <Type>Fulltime</Type>
        <Salary>45000</Salary>
        <Recruiter>
          <Name>Dave Brown</Name>
          <Commission>2250</Commission>
        </Recruiter>
      </JobInfo>
    </Job>
  </Company>
</Job_List>
