'/public/grp7/jobskills.xml',
'<JobsList>
  <Job Title="Backend Programmer">
    <RequiredSkills>
      <Skill ID="2009">C</Skill>
      <Skill ID="2001">Java</Skill>
      <Skill ID="2010">Python</Skill>
      <Skill ID="2007">SQL</Skill>
    </RequiredSkills>
  </Job>
  <Job Title="Java Developer">
    <RequiredSkills>
      <Skill ID="2001">Java</Skill>
      <Skill ID="2004">JavaScript</Skill>
    </RequiredSkills>
  </Job>
  <Job Title="Mobile Developer">
    <RequiredSkills>
      <Skill ID="2008">Android</Skill>
    </RequiredSkills>
  </Job>
  <Job Title="Software Developer">
    <RequiredSkills>
      <Skill ID="2001">Java</Skill>
      <Skill ID="2002">HTML</Skill>
      <Skill ID="2003">CSS</Skill>
      <Skill ID="2005">PHP</Skill>
      <Skill ID="2010">Python</Skill>
      <Skill ID="2007">SQL</Skill>
      <Skill ID="2004">JavaScript</Skill>
    </RequiredSkills>
  </Job>
  <Job Title="Web Developer">
    <RequiredSkills>
      <Skill ID="2002">HTML</Skill>
      <Skill ID="2004">JavaScript</Skill>
      <Skill ID="2005">PHP</Skill>
      <Skill ID="2003">CSS</Skill>
    </RequiredSkills>
  </Job>
</JobsList>
