/public/grp7/members.xml

'<Current_Discounts>
  <Membership User_ID="1">
    <Student>
      <SN>214587896</SN>
      <First_Name>John</First_Name>
      <Last_Name>Rodriguez</Last_Name>
      <Start_Date>2017-11-10</Start_Date>
      <Membership_Length>4</Membership_Length>
    </Student>
    <Discount_Rate>0</Discount_Rate>
  </Membership>
  <Membership User_ID="2">
    <Student>
      <SN>216879878</SN>
      <First_Name>Megan</First_Name>
      <Last_Name>Williams</Last_Name>
      <Start_Date>2016-01-24</Start_Date>
      <Membership_Length>26</Membership_Length>
    </Student>
    <Discount_Rate>7</Discount_Rate>
  </Membership>
  <Membership User_ID="3">
    <Student>
      <SN>213444578</SN>
      <First_Name>Charlie</First_Name>
      <Last_Name>Smith</Last_Name>
      <Start_Date>2017-03-03</Start_Date>
      <Membership_Length>12</Membership_Length>
    </Student>
    <Discount_Rate>5</Discount_Rate>
  </Membership>
  <Membership User_ID="4">
    <Student>
      <SN>212334777</SN>
      <First_Name>Emily</First_Name>
      <Last_Name>Reese</Last_Name>
      <Start_Date>2017-06-12</Start_Date>
      <Membership_Length>9</Membership_Length>
    </Student>
    <Discount_Rate>0</Discount_Rate>
  </Membership>
</Current_Discounts>
