/public/grp7/payment.xml

'<Payment>
  <Transaction_Details Type="Amex">
    <Transaction ID="5">
      <Student SN="213444578">
        <Fname>Charlie</Fname>
        <Lname>Smith</Lname>
      </Student>
      <Payment_Info>
        <Amount>40</Amount>
        <Payment_Date>2018-02-28</Payment_Date>
        <Type>Amex</Type>
      </Payment_Info>
    </Transaction>
  </Transaction_Details>
  <Transaction_Details Type="MC">
    <Transaction ID="1">
      <Student SN="214587896">
        <Fname>John</Fname>
        <Lname>Rodriguez</Lname>
      </Student>
      <Payment_Info>
        <Amount>100</Amount>
        <Payment_Date>2018-01-22</Payment_Date>
        <Type>MC</Type>
      </Payment_Info>
    </Transaction>
    <Transaction ID="3">
      <Student SN="216879878">
        <Fname>Megan</Fname>
        <Lname>Williams</Lname>
      </Student>
      <Payment_Info>
        <Amount>60</Amount>
        <Payment_Date>2018-02-15</Payment_Date>
        <Type>MC</Type>
      </Payment_Info>
    </Transaction>
    <Transaction ID="4">
      <Student SN="213444578">
        <Fname>Charlie</Fname>
        <Lname>Smith</Lname>
      </Student>
      <Payment_Info>
        <Amount>75</Amount>
        <Payment_Date>2018-01-30</Payment_Date>
        <Type>MC</Type>
      </Payment_Info>
    </Transaction>
  </Transaction_Details>
  <Transaction_Details Type="Visa">
    <Transaction ID="2">
      <Student SN="214587896">
        <Fname>John</Fname>
        <Lname>Rodriguez</Lname>
      </Student>
      <Payment_Info>
        <Amount>30</Amount>
        <Payment_Date>2018-02-28</Payment_Date>
        <Type>Visa</Type>
      </Payment_Info>
    </Transaction>
    <Transaction ID="6">
      <Student SN="212334777">
        <Fname>Emily</Fname>
        <Lname>Reese</Lname>
      </Student>
      <Payment_Info>
        <Amount>120</Amount>
        <Payment_Date>2018-01-01</Payment_Date>
        <Type>Visa</Type>
      </Payment_Info>
    </Transaction>
    <Transaction ID="7">
      <Student SN="212334777">
        <Fname>Emily</Fname>
        <Lname>Reese</Lname>
      </Student>
      <Payment_Info>
        <Amount>100</Amount>
        <Payment_Date>2018-02-20</Payment_Date>
        <Type>Visa</Type>
      </Payment_Info>
    </Transaction>
  </Transaction_Details>
</Payment>
